{"songs":[{"artist":"Camila Cabello","id":"1","title":"Never Be the Same"},{"artist":"Zedd","id":"2","title":"The Middle"},{"artist":"The Weeknd","id":"3","title":"Pray For Me"},{"artist":"Drake","id":"4","title":"God's Plan"},{"artist":"Bebe Rexha","id":"5","title":"Meant to Be"},{"artist":"Imagine Dragons","id":"6","title":"Whatever It Takes"},{"artist":"Maroon 5","id":"7","title":"Wait"},{"artist":"Bazzi","id":"8","title":"Mine"},{"artist":"Marshmello","id":"9","title":"FRIENDS"},{"artist":"Dua Lipa","id":"10","title":"New Rules"},{"artist":"Shawn Mendes","id":"11","title":"In My Blood"},{"artist":"Post Malone","id":"12","title":"Psycho"},{"artist":"Ariana Grande","id":"13","title":"No Tears Left To Cry"},{"artist":"Bruno Mars","id":"14","title":"Finesse"},{"artist":"Kendrick Lamar","id":"15","title":"All The Stars"},{"artist":"G-Eazy","id":"16","title":"Him & I"},{"artist":"Lauv","id":"17","title":"I Like Me Better"},{"artist":"NF","id":"18","title":"Let You Down"},{"artist":"Dua Lipa","id":"19","title":"IDGAF"},{"artist":"Taylor Swift","id":"20","title":"Delicate"},{"artist":"Calvin Harris","id":"21","title":"One Kiss"},{"artist":"Ed Sheeran","id":"22","title":"Perfect"},{"artist":"Meghan Trainor","id":"23","title":"No Excuses"},{"artist":"Niall Horan","id":"24","title":"On The Loose"},{"artist":"Halsey","id":"25","title":"Alone"},{"artist":"Charlie Puth","id":"26","title":"Done For Me"},{"artist":"Foster The People","id":"27","title":"Sit Next to Me"},{"artist":"Max","id":"28","title":"Lights Down Low"},{"artist":"Alice Merton","id":"29","title":"No Roots"},{"artist":"5 Seconds Of Summer","id":"30","title":"Want You Back"},{"artist":"Camila Cabello","id":"31","title":"Havana"},{"artist":"Logic","id":"32","title":"Everyday"},{"artist":"Drake","id":"33","title":"Nice For What"},{"artist":"Halsey","id":"34","title":"Bad At Love"},{"artist":"ZAYN","id":"35","title":"Let Me"},{"artist":"Khalid","id":"36","title":"Love Lies"},{"artist":"Post Malone","id":"37","title":"rockstar"},{"artist":"Rudimental","id":"38","title":"These Days"},{"artist":"Liam Payne","id":"39","title":"Familiar"},{"artist":"Imagine Dragons","id":"40","title":"Thunder"}],"playlists":[{"user_id":"2","song_ids":["8","32","12","13","18"],"id":"1"},{"user_id":"7","song_ids":["7","12","13","16","2"],"id":"3"},{"user_id":"5","song_ids":["1","2","3","4","5"],"id":"4"}],"users":[{"name":"Albin Jaye","id":"1"},{"name":"Dipika Crescentia","id":"2"},{"name":"Ankit Sacnite","id":"3"},{"name":"Galenos Neville","id":"4"},{"name":"Loviise Nagib","id":"5"},{"name":"Ryo Daiki","id":"6"},{"name":"Seyyit Nedim","id":"7"}]}