{
  "playlists" : [
    {
      "id" : "1",
      "user_id" : "2",
      "song_ids" : [
        "8",
        "32",
		"12",
		"13",
		"18"
      ]
    },
    {
      "id" : "2",
      "user_id" : "3",
      "song_ids" : []
    },
    {
      "id" : "3",
      "user_id" : "7",
      "song_ids" : [
        "7",
        "12",
        "13",
        "16",
        "2"
      ]
    },
	{
		"id" : "4",
		"user_id" : "5",
		"song_ids" : [
			"1",
			"2",
			"3",
			"4",
			"5"
		]
	}
  ]
}